source,target
202505/DJI_0048_Pre-4.JPG,202505/DJI_0048_Pre-2.JPG
202505/DJI_0048_Pre-5.JPG,202505/DJI_0048_Pre-3.JPG
202505/DJI_0162_Pre-3.JPG,202505/DJI_0162_Pre-2.JPG
202505/DJI_0165_Pre-3.JPG,202505/DJI_0165_Pre-2.JPG
202505/DJI_0189_Pre-3.JPG,202505/DJI_0189_Pre-2.JPG
202505/DJI_0196_Pre-3.JPG,202505/DJI_0196_Pre-2.JPG
202505/DJI_0200_Pre-3.JPG,202505/DJI_0200_Pre-2.JPG
202509/DJI_0027_Pre-3.JPG,202509/DJI_0027_Pre-2.JPG
202509/DJI_0040_Pre-3.JPG,202509/DJI_0040_Pre-2.JPG
202509/DJI_0504_Pre-3.JPG,202509/DJI_0504_Pre-2.JPG
DSCF9234_Pre-2.JPG,DSCF9234_Pre-3.JPG
